name,area,aabb,zone,zabb,section,sabb,fault
BNRA-BMFZ-MULT-Black_Mountain_fault-CFM3,Basin and Range Area,BNRA,Black Mountain fault zone,BMFZ,Multiple sections,MULT,Black Mountain fault
BNRA-NDVZ-MULT-Northern_Death_Valley_fault-CFM2,Basin and Range Area,BNRA,Northern Death Valley fault zone,NDVZ,Multiple sections,MULT,Northern Death Valley fault
BNRA-SDVZ-MULT-Southern_Death_Valley_fault-CFM6,Basin and Range Area,BNRA,Southern Death Valley fault zone,SDVZ,Multiple sections,MULT,Southern Death Valley fault
CRFA-BPPM-EAST-Big_Pine_fault-CFM4,Coast Ranges Fault Area,CRFA,Big Pine-Pine Mountain fault zone,BPPM,Eastern Big Pine,EAST,Big Pine fault
CRFA-BPPM-LKWV-Lockwood_Valley_fault-CFM2,Coast Ranges Fault Area,CRFA,Big Pine-Pine Mountain fault zone,BPPM,Lockwood Valley,LKWV,Lockwood Valley fault
CRFA-BPPM-PMTS-Pine_Mountain_fault-CFM2,Coast Ranges Fault Area,CRFA,Big Pine-Pine Mountain fault zone,BPPM,Pine Mountain,PMTS,Pine Mountain fault
CRFA-BPPM-WEST-Big_Pine_fault-CFM2,Coast Ranges Fault Area,CRFA,Big Pine-Pine Mountain fault zone,BPPM,Western Big Pine,WEST,Big Pine fault
CRFA-CSBL-CSML-Casmalia_fault-CFM4,Coast Ranges Fault Area,CRFA,Casmalia-Baseline fault system,CSBL,Casmalia,CSML,Casmalia fault
CRFA-CSBL-LALM-Los_Alamos_fault-CFM5,Coast Ranges Fault Area,CRFA,Casmalia-Baseline fault system,CSBL,Los Alamos,LALM,Los Alamos fault
CRFA-CSBL-ORCT-Orcutt_blind_fault-CFM5,Coast Ranges Fault Area,CRFA,Casmalia-Baseline fault system,CSBL,Orcutt,ORCT,Orcutt blind fault
CRFA-CSBL-PEZN-Pezzoni_Casmalia_fault-CFM5,Coast Ranges Fault Area,CRFA,Casmalia-Baseline fault system,CSBL,Pezzoni-Casmalia,PEZN,Pezzoni-Casmalia fault
CRFA-CSBL-ZACA-Zaca_blind_fault-CFM5,Coast Ranges Fault Area,CRFA,Casmalia-Baseline fault system,CSBL,Zaca,ZACA,Zaca blind fault
CRFA-LMPZ-EAST-Lompoc_blind_ramp-CFM5,Coast Ranges Fault Area,CRFA,Lompoc Fault Zone,LMPZ,Eastern,EAST,Lompoc blind ramp
CRFA-LMPZ-WEST-Lompoc_blind_ramp-CFM5,Coast Ranges Fault Area,CRFA,Lompoc Fault Zone,LMPZ,Western,WEST,Lompoc blind ramp
CRFA-LNHZ-MULT-Lions_Head_fault-CFM4,Coast Ranges Fault Area,CRFA,Lions Head fault zone,LNHZ,Multiple sections,MULT,Lion's Head fault
CRFA-LOSO-LSOS-Los_Osos_fault-CFM4,Coast Ranges Fault Area,CRFA,Los Osos fault system,LOSO,Los Osos,LSOS,Los Osos fault
CRFA-LPNZ-MULT-La_Panza_fault-CFM4,Coast Ranges Fault Area,CRFA,La Panza fault zone,LPNZ,Multiple sections,MULT,La Panza fault
CRFA-NAFZ-MULT-Nacimiento_fault_south-CFM2,Coast Ranges Fault Area,CRFA,Nacimiento fault zone,NAFZ,Multiple sections,MULT,Nacimiento fault
CRFA-OCNZ-HSNV-West_Huasna_fault-CFM5,Coast Ranges Fault Area,CRFA,Oceanic fault zone,OCNZ,Huasna Valley,HSNV,West Huasna fault
CRFA-OCNZ-MULT-Oceanic_fault-CFM5,Coast Ranges Fault Area,CRFA,Oceanic fault zone,OCNZ,Multiple sections,MULT,Oceanic fault
CRFA-OCNZ-SLRN-Oceanic_backthrust-CFM4,Coast Ranges Fault Area,CRFA,Oceanic fault zone,OCNZ,Santa Lucia Range-North,SLRN,Oceanic backthrust
CRFA-REHZ-EHSN-East_Huasna_fault-CFM4,Coast Ranges Fault Area,CRFA,Rinconada-East Huasna fault system,REHZ,East Huasna,EHSN,East Huasna fault
CRFA-REHZ-MULT-Rinconada_fault-CFM4,Coast Ranges Fault Area,CRFA,Rinconada-East Huasna fault system,REHZ,Multiple sections,MULT,Rinconada fault
CRFA-SCFZ-SCYM-South_Cuyama_fault-CFM3,Coast Ranges Fault Area,CRFA,South Cuyama-Ozena fault zone,SCFZ,South Cuyama,SCYM,South Cuyuma fault
CRFA-SJMZ-CHMN-Big_Spring_fault-CFM5,Coast Ranges Fault Area,CRFA,San Juan-Morales fault zone,SJMZ,Chimineas,CHMN,Big Spring fault
CRFA-SJMZ-MRLS-Morales_fault-CFM3,Coast Ranges Fault Area,CRFA,San Juan-Morales fault zone,SJMZ,Morales,MRLS,Morales fault
CRFA-SJMZ-MULT-San_Juan_fault-CFM5,Coast Ranges Fault Area,CRFA,San Juan-Morales fault zone,SJMZ,Multiple sections,MULT,San Juan fault
CRFA-SLRS-LPNS-Little_Pine_fault-CFM5,Coast Ranges Fault Area,CRFA,San Luis Range fault system,SLRS,Little Pine,LPNS,Little Pine fault
CRFA-SLRS-MULT-San_Luis_Range_fault_system-CFM4,Coast Ranges Fault Area,CRFA,San Luis Range fault system,SLRS,Multiple sections,MULT,San Luis Range fault system
CRFA-SLRS-SHRL-Shoreline_fault-CFM4,Coast Ranges Fault Area,CRFA,San Luis Range fault system,SLRS,Shoreline,SHRL,Shoreline fault
CRFA-SLRS-SLBS-San_Luis_Bay_fault-CFM4,Coast Ranges Fault Area,CRFA,San Luis Range fault system,SLRS,San Luis Bay,SLBS,San Luis Bay fault
CRFA-SLRS-SYNV-Santa_Ynez_Valley_blind_fault-CFM5,Coast Ranges Fault Area,CRFA,San Luis Range fault system,SLRS,Santa Ynez Valley,SYNV,Santa Ynez Valley blind fault
ETRA-BBFS-1992-Big_Bear_rupture-CFM6,Eastern Transverse Ranges Area,ETRA,Big Bear Fault system,BBFS,1992 Big Bear rupture,1992,Big Bear rupture
ETRA-BCFZ-MULT-Blue_Cut_fault-CFM5,Eastern Transverse Ranges Area,ETRA,Blue Cut fault zone,BCFZ,Multiple sections,MULT,Blue Cut fault
ETRA-CHRC-STWS-Smoketree_Wash_fault-CFM5,Eastern Transverse Ranges Area,ETRA,Chiriaco fault zone,CHRC,Smoketree Wash,STWS,Smoketree Wash fault
ETRA-CLGZ-NCHS-Grass_Valley_fault-CFM5,Eastern Transverse Ranges Area,ETRA,Cleghorn fault zone,CLGZ,Northern Cleghorn,NCHS,Grass Valley fault
ETRA-CLGZ-SBMT-Tunnel_Ridge_Arrastre_Canyon_fault-CFM5,Eastern Transverse Ranges Area,ETRA,Cleghorn fault zone,CLGZ,San Bernardino Mountains,SBMT,Tunnel Ridge-Arrastre Canyon fault
ETRA-CLGZ-SCHS-Cleghorn_fault-CFM5,Eastern Transverse Ranges Area,ETRA,Cleghorn fault zone,CLGZ,Southern Cleghorn,SCHS,Cleghorn fault
ETRA-LSBM-1992-Joshua_Tree_sequence-CFM6,Eastern Transverse Ranges Area,ETRA,Little San Bernadino Mountains fault region,LSBM,1992 Joshua Tree rupture,1992,Joshua Tree sequence
ETRA-LSBM-BRMT-Burnt_Mountain_East_Wide_Canyon_fault-CFM5,Eastern Transverse Ranges Area,ETRA,Little San Bernadino Mountains fault region,LSBM,Burnt Mountain,BRMT,Burnt Mountain-East Wide Canyon
ETRA-LSBM-ERPK-Eureka_Peak_West_Deception_Canyon_fault-CFM5,Eastern Transverse Ranges Area,ETRA,Little San Bernadino Mountains fault region,LSBM,Eureka Peak,ERPK,Eureka Peak-West Deception Canyon
ETRA-LSBM-LGCS-Long_Canyon_fault-CFM5,Eastern Transverse Ranges Area,ETRA,Little San Bernadino Mountains fault region,LSBM,Long Canyon,LGCS,Long Canyon fault
ETRA-NFTS-DTMT-Deep_detachment-CFM5,Eastern Transverse Ranges Area,ETRA,North Frontal thrust system,NFTS,Detachment,DTMT,Deep detachment
ETRA-NFTS-EAST-North_Frontal_Thrust_fault-CFM5,Eastern Transverse Ranges Area,ETRA,North Frontal thrust system,NFTS,Eastern,EAST,Eastern North Frontal fault
ETRA-NFTS-WEST-North_Frontal_Thrust_fault-CFM5,Eastern Transverse Ranges Area,ETRA,North Frontal thrust system,NFTS,Western,WEST,Western North Frontal thrust
ETRA-PMFZ-MRVS-Morongo_Valley_fault-CFM5,Eastern Transverse Ranges Area,ETRA,Pinto Mountain fault zone,PMFZ,Morongo Valley,MRVS,Morongo Valley fault
ETRA-PMFZ-MULT-Pinto_Mountain_fault-CFM5,Eastern Transverse Ranges Area,ETRA,Pinto Mountain fault zone,PMFZ,Multiple sections,MULT,Pinto Mountain fault
ETRA-SANA-MULT-Santa_Ana_fault-CFM5,Eastern Transverse Ranges Area,ETRA,Santa Ana fault zone,SANA,Multiple sections,MULT,Santa Ana fault
ETRA-SBMT-WEST-Waterman_Canyon_fault-CFM5,Eastern Transverse Ranges Area,ETRA,San Bernardino Mountains fault region,SBMT,Western,WEST,Waterman Canyon fault
GRFS-GRFZ-EAST-Garlock_fault-CFM5,Garlock Fault System,GRFS,Garlock fault zone,GRFZ,Eastern,EAST,Garlock fault-east
GRFS-GRFZ-EAST-Owl_Lake_fault-CFM5,Garlock Fault System,GRFS,Garlock fault zone,GRFZ,Eastern,EAST,Owl Lake fault
GRFS-GRFZ-WEST-Garlock_fault-CFM5,Garlock Fault System,GRFS,Garlock fault zone,GRFZ,Western,WEST,Garlock fault-west
GVFA-KRCS-KRCN-Kern_Canyon_fault-CFM5,Great Valley Fault Area,GVFA,Kern Canyon fault system,KRCS,Kern Canyon,KRCN,Kern Canyon fault
GVFA-KRCS-LISA-Lake_Isabella_lineament-CFM2,Great Valley Fault Area,GVFA,Kern Canyon fault system,KRCS,Lake Isabella,LISA,Lake Isabella lineament
GVFA-PLFZ-MULT-Pleito_fault-CFM2,Great Valley Fault Area,GVFA,Pleito fault zone,PLFZ,Multiple sections,MULT,Pleito fault
GVFA-TDRS-COAL-Coalinga_blind_fault-CFM2,Great Valley Fault Area,GVFA,Temblor-Diablo Range thrust system,TDRS,Coalinga,COAL,Coalinga blind fault
GVFA-TDRS-KTLM-Kettleman_Hills_blind_fault_North_Dome-CFM2,Great Valley Fault Area,GVFA,Temblor-Diablo Range thrust system,TDRS,Kettleman Hills,KTLM,Kettleman Hills blind fault
GVFA-TDRS-LSTH-Lost_Hills_blind_fault-CFM2,Great Valley Fault Area,GVFA,Temblor-Diablo Range thrust system,TDRS,Lost Hills,LSTH,Lost Hills blind fault
GVFA-WWFZ-MULT-White_Wolf_fault-CFM5,Great Valley Fault Area,GVFA,White Wolf fault zone,WWFZ,Multiple Sections,MULT,White Wolf fault
GVFA-WWFZ-NEST-Scodie_Lineament-CFM5,Great Valley Fault Area,GVFA,White Wolf fault zone,WWFZ,North-Eastern,NEST,Scodie Lineament
MJVA-BWFZ-MULT-Blackwater_fault-CFM5,Mojave Fault Area,MJVA,Blackwater fault zone,BWFZ,Multiple sections,MULT,Blackwater fault
MJVA-CHFZ-MULT-Calico_Hidalgo_fault-CFM5,Mojave Fault Area,MJVA,Calico-Hildalgo fault zone,CHFZ,Multiple sections,MULT,Calico-Hildalgo fault
MJVA-CHFZ-WCLS-West_Calico_FaultA_fault-CFM5,Mojave Fault Area,MJVA,Calico-Hildalgo fault zone,CHFZ,West Calico section,WCLS,West Calico fault
MJVA-CREC-CMPR-Camp_Rock_fault-CFM5,Mojave Fault Area,MJVA,Camp Rock-Emerson-Copper Mountain fault zone,CREC,Camp Rock,CMPR,Camp Rock fault
MJVA-CREC-CPMT-Copper_Mountain_fault-CFM5,Mojave Fault Area,MJVA,Camp Rock-Emerson-Copper Mountain fault zone,CREC,Copper Mountain,CPMT,Copper Mountain fault
MJVA-CREC-EMRS-Emerson_fault-CFM5,Mojave Fault Area,MJVA,Camp Rock-Emerson-Copper Mountain fault zone,CREC,Emerson,EMRS,Emerson fault
MJVA-CREC-EMRS-Galway_Lake_fault-CFM2,Mojave Fault Area,MJVA,Camp Rock-Emerson-Copper Mountain fault zone,CREC,Emerson,EMRS,Galway Lake fault
MJVA-CREC-EMRS-North_Emerson_fault-CFM3,Mojave Fault Area,MJVA,Camp Rock-Emerson-Copper Mountain fault zone,CREC,Emerson,EMRS,North Emerson fault
MJVA-CRSF-BCYL-Bicycle_Lake_fault-CFM5,Mojave Fault Area,MJVA,Cross Faults,CRSF,Bicycle Lake,BCYL,Bicycle Lake fault
MJVA-CRSF-BCYL-Bitter_Springs_fault-CFM5,Mojave Fault Area,MJVA,Cross Faults,CRSF,Bicycle Lake,BCYL,Bitter Springs fault
MJVA-CRSF-CADY-Cady_fault-CFM5,Mojave Fault Area,MJVA,Cross Faults,CRSF,Cady,CADY,Cady fault
MJVA-CRSF-CYTL-Coyote_Lake_fault-CFM5,Mojave Fault Area,MJVA,Cross Faults,CRSF,Coyote Lake,CYTL,Coyote Lake fault
MJVA-CRSF-GNTM-Granite_Mountains_fault_west-CFM5,Mojave Fault Area,MJVA,Cross Faults,CRSF,Granite Mountains,GNTM,Granite Mountains fault-west
MJVA-CRSF-GNTM-McLean_Lake_Drinkwater_Lake_fault-CFM5,Mojave Fault Area,MJVA,Cross Faults,CRSF,Granite Mountains,GNTM,McLean Lake-Drinkwater Lake fault
MJVA-CRSF-GNTM-Nelson_Lake_fault-CFM6,Mojave Fault Area,MJVA,Cross Faults,CRSF,Granite Mountains,GNTM,Nelson Lake fault
MJVA-CRSF-MANX-Manix_fault-CFM5,Mojave Fault Area,MJVA,Cross Faults,CRSF,Manix,MANX,Manix fault
MJVA-CRSF-TFMT-Coyote_Canyon_fault-CFM5,Mojave Fault Area,MJVA,Cross Faults,CRSF,Tiefort Mountains,TFMT,Coyote Canyon fault
MJVA-ECSZ-1992-Barstow_Trend-CFM6,Mojave Fault Area,MJVA,Eastern California shear zone,ECSZ,Landers rupture,1992,Landers-Barstow trend
MJVA-ECSZ-1992-Landers_cross_fault_North_I-CFM6,Mojave Fault Area,MJVA,Eastern California shear zone,ECSZ,Landers cross faults,1992,Landers cross fault-north-I
MJVA-ECSZ-1992-Landers_cross_fault_North_II-CFM6,Mojave Fault Area,MJVA,Eastern California shear zone,ECSZ,Landers cross faults,1992,Landers cross fault-north-II
MJVA-GLPS-GLDS-Goldstone_Lake_fault-CFM5,Mojave Fault Area,MJVA,Goldstone Lake-Paradise fault system,GLPS,Goldstone Lake,GLDS,Goldstone Lake fault
MJVA-GLPS-PRDS-Paradise_fault-CFM5,Mojave Fault Area,MJVA,Goldstone Lake-Paradise fault system,GLPS,Paradise,PRDS,Paradise fault
MJVA-HPFZ-GVHS-Gravel_Hills_fault_nw-CFM5,Mojave Fault Area,MJVA,Harper fault zone,HPFZ,Gravel Hills,GVHS,Gravel Hills fault-nw
MJVA-HPFZ-GVHS-Harper_Valley_fault-CFM5,Mojave Fault Area,MJVA,Harper fault zone,HPFZ,Gravel Hills,GVHS,Harper Valley fault
MJVA-HPFZ-HPVS-Harper_Valley_Mt_General_fault-CFM5,Mojave Fault Area,MJVA,Harper fault zone,HPFZ,Harper Valley,HPVS,Harper Valley-Mt General fault
MJVA-HPFZ-MULT-Gravel_Hills_Harper_Lake_fault-CFM5,Mojave Fault Area,MJVA,Harper fault zone,HPFZ,Gravel Hills-Harper Lake,MULT,Gravel Hills-Harper Lake fault
MJVA-HSLZ-MULT-Helendale_South_Lockhart_fault-CFM5,Mojave Fault Area,MJVA,Helendale-South Lockhart fault zone,HSLZ,Multiple sections,MULT,Helendale-South Lockhart fault
MJVA-HSLZ-SBMT-Pipes_Canyon_fault-CFM5,Mojave Fault Area,MJVA,Helendale-South Lockhart fault zone,HSLZ,Eastern San Bernardino Mtns,SBMT,Pipes Canyon
MJVA-HSLZ-SBMT-Pipes_Canyon_fault_north_extension-CFM6,Mojave Fault Area,MJVA,Helendale-South Lockhart fault zone,HSLZ,Eastern San Bernardino Mtns,SBMT,Pipes Canyon-north-extension
MJVA-HSLZ-SBMT-Southern_Helendale_fault-CFM5,Mojave Fault Area,MJVA,Helendale-South Lockhart fault zone,HSLZ,Eastern San Bernardino Mtns,SBMT,Southern Helendale fault
MJVA-JVHZ-HMSV-Homestead_Valley_fault-CFM3,Mojave Fault Area,MJVA,Johnson Valley-Homestead Valley fault zone,JVHZ,Homestead Valley,HMSV,Homestead Valley fault
MJVA-JVHZ-MULT-Johnson_Valley_fault-CFM5,Mojave Fault Area,MJVA,Johnson Valley-Homestead Valley fault zone,JVHZ,North-South Johnson Valley,MULT,Johnson Valley fault
MJVA-JVHZ-SJVS-Kickapoo_fault-CFM3,Mojave Fault Area,MJVA,Johnson Valley-Homestead Valley fault zone,JVHZ,Southern Johnson Valley,SJVS,Kickapoo fault
MJVA-LCLZ-CLGL-Cleghorn_Lake_fault-CFM5,Mojave Fault Area,MJVA,Ludlow-Cleghorn Lake fault zone,LCLZ,Cleghorn Lake,CLGL,Cleghorn Lake fault
MJVA-LCLZ-LDLW-Ludlow_fault-CFM5,Mojave Fault Area,MJVA,Ludlow-Cleghorn Lake fault zone,LCLZ,Ludlow,LDLW,Ludlow fault
MJVA-LLBM-MULT-Lavic_Lake_North_West_Bullion_fault-CFM3,Mojave Fault Area,MJVA,Lavic Lake-Bullion Mountains fault zone,LLBM,Multiple sections,MULT,Lavic Lake-North West Bullion fault
MJVA-LLBM-MULT-Lavic_Lake_North_West_Bullion_fault_splay-CFM5,Mojave Fault Area,MJVA,Lavic Lake-Bullion Mountains fault zone,LLBM,Multiple sections,MULT,Lavic Lake-North West Bullion fault splay
MJVA-LLBM-NBMS-Bullion_Mountains_fault-CFM6,Mojave Fault Area,MJVA,Lavic Lake-Bullion Mountains fault zone,LLBM,Northern Bullion Mountains,NBMS,Bullion Mountains fault
MJVA-LWLZ-MULT-Lenwood_Lockhart_fault-CFM5,Mojave Fault Area,MJVA,Lenwood-Lockhart fault zone,LWLZ,Multiple sections,MULT,Lenwood-Lockhart fault
MJVA-NEMV-GRLS-Garlic_Spring_fault-CFM5,Mojave Fault Area,MJVA,Northeast Mojave faults,NEMV,Garlic Springs,GRLS,Garlic Springs fault
MJVA-NEMV-RDPS-Red_Pass_fault-CFM5,Mojave Fault Area,MJVA,Northeast Mojave faults,NEMV,Red Pass,RDPS,Red Pass fault
MJVA-PBMZ-EBLS-East_Bullion_Valley_Mountain_fault-CFM5,Mojave Fault Area,MJVA,Pisgah-Bullion-Mesquite Lake fault zone,PBMZ,East Bullion,EBLS,East Bullion-Valley Mountain fault
MJVA-PBMZ-MSQL-Mesquite_Lake_fault-CFM5,Mojave Fault Area,MJVA,Pisgah-Bullion-Mesquite Lake fault zone,PBMZ,Mesquite Lake,MSQL,Mesquite Lake fault
MJVA-PBMZ-MULT-Pisgah_Bullion_West_Bullion_fault-CFM5,Mojave Fault Area,MJVA,Pisgah-Bullion-Mesquite Lake fault zone,PBMZ,Pisgah-West_Bullion,MULT,Pisgah-Bullion-West Bullion fault
OCBA-CBFZ-EAST-Coronado_Bank_east_splay-CFM5,Offshore Continental Borderland Area,OCBA,Coronado Bank fault zone,CBFZ,Eastern splay,EAST,Coronado Bank east splay
OCBA-CBFZ-NCBF-Coronado_Bank_fault_north-CFM5,Offshore Continental Borderland Area,OCBA,Coronado Bank fault zone,CBFZ,Northern Coronado Bank,NCBF,Coronado Bank fault
OCBA-CBFZ-SCBF-Coronado_Bank_fault_south-CFM5,Offshore Continental Borderland Area,OCBA,Coronado Bank fault zone,CBFZ,Southern Coronado Bank,SCBF,Coronado Bank fault
OCBA-CBFZ-WEST-Coronado_Bank_west_splay-CFM5,Offshore Continental Borderland Area,OCBA,Coronado Bank fault zone,CBFZ,Western splay,WEST,Coronado Bank west splay
OCBA-CBKD-CRBS-Coronado_Bank_detachment-CFM5,Offshore Continental Borderland Area,OCBA,Coronado Bank Detachment,CBKD,Coronado Bank,CRBS,Coronado Bank detachment trim
OCBA-CBKD-OCNS-Coronado_Bank_detachment_upper-CFM6,Offshore Continental Borderland Area,OCBA,Coronado Bank Detachment,CBKD,Oceanside,OCNS,Coronado Bank detachment upper
OCBA-DSCS-EAST-Descanso_fault_east_splay-CFM5,Offshore Continental Borderland Area,OCBA,Descanso fault system,DSCS,Eastern splay - south,EAST,Descanso fault-east splay
OCBA-DSCS-MAIN-Descanso_fault-CFM5,Offshore Continental Borderland Area,OCBA,Descanso fault system,DSCS,Main-central strand,MAIN,Descanso fault
OCBA-DSCS-NRTH-Descanso_fault_A-CFM5,Offshore Continental Borderland Area,OCBA,Descanso fault system,DSCS,Northern section,NRTH,Descanso fault-A
OCBA-DSCS-NRTH-Descanso_fault_B-CFM5,Offshore Continental Borderland Area,OCBA,Descanso fault system,DSCS,Northern section,NRTH,Descanso fault-B
OCBA-DSCS-NRTH-Descanso_fault_C-CFM5,Offshore Continental Borderland Area,OCBA,Descanso fault system,DSCS,Northern section,NRTH,Descanso fault-C
OCBA-DSCS-RCNT-Descanso_RoseCanyon_transfer_fault-CFM5,Offshore Continental Borderland Area,OCBA,Descanso fault system,DSCS,Rose Canyon transfer,RCNT,Descanso-Rose Canyon transfer fault
OCBA-DSCS-WEST-Descanso_fault_west_splay-CFM5,Offshore Continental Borderland Area,OCBA,Descanso fault system,DSCS,Western splay - north,WEST,Descanso fault-west splay
OCBA-ESCS-ESCB-East_Santa_Cruz_Basin_fault_A-CFM5,Offshore Continental Borderland Area,OCBA,East Santa Cruz Basin fault system,ESCS,East Santa Cruz Basin,ESCB,East Santa Cruz Basin fault-A
OCBA-ESCS-ESCB-East_Santa_Cruz_Basin_fault_B-CFM5,Offshore Continental Borderland Area,OCBA,East Santa Cruz Basin fault system,ESCS,East Santa Cruz Basin,ESCB,East Santa Cruz Basin fault-B
OCBA-ESCS-ESCB-East_Santa_Cruz_Basin_fault_D-CFM5,Offshore Continental Borderland Area,OCBA,East Santa Cruz Basin fault system,ESCS,East Santa Cruz Basin,ESCB,East Santa Cruz Basin fault-D
OCBA-ESCS-ESCB-East_Santa_Cruz_Basin_fault_E-CFM5,Offshore Continental Borderland Area,OCBA,East Santa Cruz Basin fault system,ESCS,East Santa Cruz Basin,ESCB,East Santa Cruz Basin fault-E
OCBA-ESCS-ESCB-East_Santa_Cruz_Basin_fault_main-CFM5,Offshore Continental Borderland Area,OCBA,East Santa Cruz Basin fault system,ESCS,East Santa Cruz Basin,ESCB,East Santa Cruz Basin fault-main
OCBA-FRFZ-SRRS-Ferrelo_fault-CFM5,Offshore Continental Borderland Area,OCBA,Ferrelo fault zone,FRFZ,Santa Rosa Ridge,SRRS,Ferrelo fault
OCBA-IBFS-30MB-Thirtymile_Bank_detachment-CFM5,Offshore Continental Borderland Area,OCBA,Inner Borderland fault system,IBFS,Thirtymile Bank,30MB,Thirtymile Bank detachment
OCBA-IBFS-SCTI-Catalina_Island_detachment_upper-CFM5,Offshore Continental Borderland Area,OCBA,Inner Borderland fault system,IBFS,Santa Catalina Island,SCTI,Catalina Island detachment
OCBA-NIRC-DANA-Newport_Inglewood_fault-CFM5,Offshore Continental Borderland Area,OCBA,Newport-Inglewood-Rose Canyon fault zone,NIRC,Dana Point section,DANA,Newport-Inglewood fault
OCBA-NIRC-OCNS-Newport_Inglewood_Rose_Canyon_link-CFM5,Offshore Continental Borderland Area,OCBA,Newport-Inglewood-Rose Canyon fault zone,NIRC,Oceanside section,OCNS,Newport-Inglewood-Rose Canyon link
OCBA-NIRC-RSCN-Rose_Canyon_fault-CFM5,Offshore Continental Borderland Area,OCBA,Newport-Inglewood-Rose Canyon fault zone,NIRC,Multiple sections-offshore,RSCN,Rose Canyon fault
OCBA-OCSD-OCNS-Oceanside_detachment-CFM6,Offshore Continental Borderland Area,OCBA,Oceanside Detachment,OCSD,Oceanside,OCNS,Oceanside detachment
OCBA-OCSD-OCNS-Oceanside_fault_north-CFM5,Offshore Continental Borderland Area,OCBA,Oceanside Detachment,OCSD,Oceanside,OCNS,Oceanside fault-north
OCBA-OCSD-OCNS-Oceanside_fault_south_east_A-CFM5,Offshore Continental Borderland Area,OCBA,Oceanside Detachment,OCSD,Oceanside,OCNS,Oceanside fault-south-east-A
OCBA-OCSD-OCNS-Oceanside_fault_south_east_B-CFM5,Offshore Continental Borderland Area,OCBA,Oceanside Detachment,OCSD,Oceanside,OCNS,Oceanside fault-south-east-B
OCBA-OCSD-OCNS-Oceanside_fault_south_east_C-CFM5,Offshore Continental Borderland Area,OCBA,Oceanside Detachment,OCSD,Oceanside,OCNS,Oceanside fault-south-east-C
OCBA-PVFZ-MULT-Palos_Verdes_fault-CFM6,Offshore Continental Borderland Area,OCBA,Palos Verdes fault zone,PVFZ,Multiple sections,MULT,Palos Verdes fault
OCBA-PVFZ-RDNC-Redondo_Canyon_fault-CFM6,Offshore Continental Borderland Area,OCBA,Palos Verdes fault zone,PVFZ,Redondo Canyon,RDNC,Redondo Canyon fault
OCBA-SCCR-MULT-Santa_Cruz_Catalina_Ridge_fault-CFM5,Offshore Continental Borderland Area,OCBA,Santa Cruz-Catalina Ridge fault system,SCCR,Multiple Sections,MULT,Santa Cruz-Catalina Ridge fault
OCBA-SCFZ-CTLB-San_Clemente_fault_splay-CFM5,Offshore Continental Borderland Area,OCBA,San Clemente fault zone,SCFZ,Catalina Basin,CTLB,San Clemente fault splay
OCBA-SCFZ-SBRI-San_Clemente_fault_nw_strand-CFM5,Offshore Continental Borderland Area,OCBA,San Clemente fault zone,SCFZ,Santa Barbara Island area,SBRI,San Clemente fault nw-strand
OCBA-SCFZ-SCBR-San_Clemente_fault-CFM5,Offshore Continental Borderland Area,OCBA,San Clemente fault zone,SCFZ,San Clemente Basin region,SCBR,San Clemente fault
OCBA-SCFZ-SCLI-San_Clemente_fault-CFM5,Offshore Continental Borderland Area,OCBA,San Clemente fault zone,SCFZ,San Clemente Island,SCLI,San Clemente fault
OCBA-SDTZ-30MB-San_Diego_Trough_fault-CFM5,Offshore Continental Borderland Area,OCBA,San Diego Trough fault zone,SDTZ,Thirtymile Bank,30MB,San Diego Trough fault
OCBA-SDTZ-CTLB-San_Diego_Trough_fault-CFM5,Offshore Continental Borderland Area,OCBA,San Diego Trough fault zone,SDTZ,Catalina Basin,CTLB,San Diego Trough fault
OCBA-SDTZ-SSDT-San_Diego_Trough_fault-CFM6,Offshore Continental Borderland Area,OCBA,San Diego Trough fault zone,SDTZ,South San Diego Trough,SSDT,San Diego Trough fault
OCBA-SMBS-EAST-Santa_Monica_Bay_detachment-CFM5,Offshore Continental Borderland Area,OCBA,Santa Monica Bay fault system,SMBS,East,EAST,Santa Monica Bay detachment
OCBA-SMBS-EAST-Santa_Monica_Bay_fault-CFM5,Offshore Continental Borderland Area,OCBA,Santa Monica Bay fault system,SMBS,East,EAST,Santa Monica Bay fault
OCBA-SMBS-MIDS-Santa_Monica_Bay_detachment-CFM5,Offshore Continental Borderland Area,OCBA,Santa Monica Bay fault system,SMBS,Mid,MIDS,Santa Monica Bay detachment
OCBA-SMBS-PVAS-Santa_Monica_Bay_Compton_connector-CFM6,Offshore Continental Borderland Area,OCBA,Santa Monica Bay fault system,SMBS,Palos Verdes Anticlinorium,PVAS,Santa Monica Bay-Compton connector
OCBA-SMBS-WEST-Santa_Monica_Bay_detachment-CFM5,Offshore Continental Borderland Area,OCBA,Santa Monica Bay fault system,SMBS,West,WEST,Santa Monica Bay detachment
OCBA-SMBS-WEST-Santa_Monica_Bay_fault-CFM6,Offshore Continental Borderland Area,OCBA,Santa Monica Bay fault system,SMBS,West,WEST,Santa Monica Bay fault
OCBA-SMCS-SMTO-San_Mateo_splay-CFM5,Offshore Continental Borderland Area,OCBA,San Mateo-San Onofre-Carlsbad fault system,SMCS,San Mateo,SMTO,San Mateo splay
OCBA-SMCS-SMTO-San_Onofre_fault-CFM6,Offshore Continental Borderland Area,OCBA,San Mateo-San Onofre-Carlsbad fault system,SMCS,San Mateo,SMTO,San Onofre fault
OCBA-SMCS-SONO-San_Onofre_Carlsbad_fault-CFM6,Offshore Continental Borderland Area,OCBA,San Mateo-San Onofre-Carlsbad fault system,SMCS,San Onofre-Oceanside,SONO,San Onofre-Carlsbad fault
OCBA-SPBZ-NTHS-San_Pedro_Basin_fault_north-CFM5,Offshore Continental Borderland Area,OCBA,San Pedro Basin fault zone,SPBZ,Santa Monica Bay-San Pedro Basin,NTHS,San Pedro Basin fault-north
OCBA-SPBZ-STHS-San_Pedro_Basin_fault_south-CFM5,Offshore Continental Borderland Area,OCBA,San Pedro Basin fault zone,SPBZ,San Pedro Basin-San Diego Trough,STHS,San Pedro Basin fault-south
OCBA-SPES-MULT-San_Pedro_Escarpment_Compton_connector-CFM6,Offshore Continental Borderland Area,OCBA,San Pedro Escarpment fault system,SPES,Multiple Sections,MULT,San Pedro Escarpment-Compton connector
OCBA-SPES-PVDS-San_Pedro_Escarpment_fault_B-CFM5,Offshore Continental Borderland Area,OCBA,San Pedro Escarpment fault system,SPES,Palos Verdes,PVDS,San Pedro Escarpment fault-B
OCBA-SPES-SMBS-San_Pedro_Escarpment_fault_A-CFM5,Offshore Continental Borderland Area,OCBA,San Pedro Escarpment fault system,SPES,Santa Monica Bay,SMBS,San Pedro Escarpment fault-A
OCBA-SPES-SPBS-San_Pedro_Escarpment_fault_C-CFM5,Offshore Continental Borderland Area,OCBA,San Pedro Escarpment fault system,SPES,San Pedro Basin,SPBS,San Pedro Escarpment fault-C
OCBA-SPES-SPBS-San_Pedro_Escarpment_fault_D-CFM5,Offshore Continental Borderland Area,OCBA,San Pedro Escarpment fault system,SPES,San Pedro Basin,SPBS,San Pedro Escarpment fault-D
OCBA-SPES-SPBS-San_Pedro_Escarpment_fault_E-CFM5,Offshore Continental Borderland Area,OCBA,San Pedro Escarpment fault system,SPES,San Pedro Basin,SPBS,San Pedro Escarpment fault-E
OCBA-SPES-SPBS-San_Pedro_Escarpment_fault_F-CFM5,Offshore Continental Borderland Area,OCBA,San Pedro Escarpment fault system,SPES,San Pedro Basin,SPBS,San Pedro Escarpment fault-F
OCBA-SPES-SPBS-San_Pedro_Escarpment_fault_YngB-CFM5,Offshore Continental Borderland Area,OCBA,San Pedro Escarpment fault system,SPES,San Pedro Basin,SPBS,San Pedro Escarpment fault-YngB
OCBA-WBFS-HNTB-Huntington_Beach_fault-CFM5,Offshore Continental Borderland Area,OCBA,Wilmington Blind Fault System,WBFS,Huntington Beach,HNTB,Huntington Beach fault
OCBA-WBFS-TRNC-Torrance_blind_fault-CFM5,Offshore Continental Borderland Area,OCBA,Wilmington Blind Fault System,WBFS,Torrance,TRNC,Torrance blind fault
OCBA-WBFS-WLMT-Wilmington_blind_fault-CFM5,Offshore Continental Borderland Area,OCBA,Wilmington Blind Fault System,WBFS,Wilmington,WLMT,Wilmington blind fault
OCCA-HSFZ-MULT-Hosgri_fault-CFM5,Offshore Central California Area,OCCA,Hosgri-San Simeon fault zone,HSFZ,Multiple sections,MULT,Hosgri fault
OCCA-HSFZ-STHN-Southern_Hosgri_fault-CFM5,Offshore Central California Area,OCCA,Hosgri-San Simeon fault zone,HSFZ,Southern,STHN,Southern Hosgri fault
OCCA-OSMB-EAST-Lompoc_fault-CFM5,Offshore Central California Area,OCCA,Offshore Santa Maria Basin system,OSMB,Eastern,EAST,Lompoc fault
OCCA-OSMB-EAST-Purisima_fault_center-CFM5,Offshore Central California Area,OCCA,Offshore Santa Maria Basin system,OSMB,Eastern,EAST,Purisima fault-center
OCCA-OSMB-EAST-Purisima_fault_east-CFM5,Offshore Central California Area,OCCA,Offshore Santa Maria Basin system,OSMB,Eastern,EAST,Purisima fault-east
OCCA-OSMB-EAST-Purisima_fault_north-CFM5,Offshore Central California Area,OCCA,Offshore Santa Maria Basin system,OSMB,Eastern,EAST,Purisima fault-north
OCCA-OSMB-EAST-Purisima_fault_south-CFM5,Offshore Central California Area,OCCA,Offshore Santa Maria Basin system,OSMB,Eastern,EAST,Purisima fault-south
OCCA-OSMB-EAST-Purisima_fault_west-CFM5,Offshore Central California Area,OCCA,Offshore Santa Maria Basin system,OSMB,Eastern,EAST,Purisima fault-west
OCCA-OSMB-EAST-Santa_Maria_Basin_thrust_A-CFM5,Offshore Central California Area,OCCA,Offshore Santa Maria Basin system,OSMB,Eastern,EAST,Santa Maria Basin thrust-A
OCCA-OSMB-EAST-Santa_Maria_Basin_thrust_B-CFM5,Offshore Central California Area,OCCA,Offshore Santa Maria Basin system,OSMB,Eastern,EAST,Santa Maria Basin thrust-B
OCCA-OSMB-EAST-Santa_Maria_Basin_thrust_C-CFM5,Offshore Central California Area,OCCA,Offshore Santa Maria Basin system,OSMB,Eastern,EAST,Santa Maria Basin thrust-C
OCCA-OSMB-WEST-West_Basin_fault_A-CFM5,Offshore Central California Area,OCCA,Offshore Santa Maria Basin system,OSMB,Western,WEST,West Basin fault-A
OCCA-OSMB-WEST-West_Basin_fault_B-CFM5,Offshore Central California Area,OCCA,Offshore Santa Maria Basin system,OSMB,Western,WEST,West Basin fault-B
OCCA-OSMB-WEST-West_Basin_fault_C-CFM5,Offshore Central California Area,OCCA,Offshore Santa Maria Basin system,OSMB,Western,WEST,West Basin fault-C
OCCA-SLBS-MULT-Santa_Lucia_Bank_fault-CFM5,Offshore Central California Area,OCCA,Santa Lucia Bank fault system,SLBS,Multiple sections,MULT,Santa Lucia Bank fault
OCCA-SLBS-NWST-Santa_Lucia_Bank_west_fault-CFM5,Offshore Central California Area,OCCA,Santa Lucia Bank fault system,SLBS,North-Western,NWST,Santa Lucia Bank west fault
OCCA-SLBS-NWST-Sur_fault_B-CFM5,Offshore Central California Area,OCCA,Santa Lucia Bank fault system,SLBS,North-Western,NWST,Sur fault-B
OCCA-SLBS-NWST-Sur_fault_C-CFM5,Offshore Central California Area,OCCA,Santa Lucia Bank fault system,SLBS,North-Western,NWST,Sur fault-C
OCCA-SLBS-NWST-Sur_fault_D-CFM5,Offshore Central California Area,OCCA,Santa Lucia Bank fault system,SLBS,North-Western,NWST,Sur fault-D
PNRA-ATEV-MULT-Agua_Tibia_Earthquake_Valley_fault_east-CFM4,Peninsular Ranges Area,PNRA,Agua Tibia-Earthquake Valley fault zone,ATEV,Multiple sections,MULT,Agua Tibia-Earthquake Valley fault-east
PNRA-ATEV-MULT-Agua_Tibia_Earthquake_Valley_fault_main-CFM4,Peninsular Ranges Area,PNRA,Agua Tibia-Earthquake Valley fault zone,ATEV,Multiple sections,MULT,Agua Tibia-Earthquake Valley fault
PNRA-ATEV-MULT-Agua_Tibia_Earthquake_Valley_fault_west-CFM4,Peninsular Ranges Area,PNRA,Agua Tibia-Earthquake Valley fault zone,ATEV,Multiple sections,MULT,Agua Tibia-Earthquake Valley fault-west
PNRA-CLEP-BLDH-Compton_Los_Alamitos_fault-CFM5,Peninsular Ranges Area,PNRA,Compton-Lower Elysian Park fault system,CLEP,Baldwin Hills,BLDH,Compton-Los Alamitos fault
PNRA-CLEP-LABS-Anaheim_fault-CFM1,Peninsular Ranges Area,PNRA,Compton-Lower Elysian Park fault system,CLEP,Los Angeles Basin,LABS,Anaheim fault
PNRA-CLEP-LABS-Compton_Los_Alamitos_fault-CFM2,Peninsular Ranges Area,PNRA,Compton-Lower Elysian Park fault system,CLEP,Los Angeles Basin,LABS,Compton-Los_Alamitos fault
PNRA-CLEP-PHLS-Lower_Elysian_Park_fault-CFM1,Peninsular Ranges Area,PNRA,Compton-Lower Elysian Park fault system,CLEP,Puente Hills,PHLS,Lower Elysian Park fault
PNRA-CRSF-ALCM-Sawtooth_Range_fault-CFM4,Peninsular Ranges Area,PNRA,Cross Faults,CRSF,Allicito Mountains,ALCM,Sawtooth Range fault
PNRA-CRSF-CHNH-Yorba_Linda_lineament-CFM2,Peninsular Ranges Area,PNRA,Cross Faults,CRSF,Chino Hills,CHNH,Yorba Linda Lineament
PNRA-CRSF-CYMT-Devils_Canyon_fault-CFM4,Peninsular Ranges Area,PNRA,Cross Faults,CRSF,Coyote Mountains,CYMT,Devil's Canyon fault
PNRA-CRSF-EMCP-El_Mayor_Cucapah_normal_fault-CFM4,Peninsular Ranges Area,PNRA,Cross Faults,CRSF,El Mayor-Cucapah,EMCP,El Mayor-Cucapah normal fault
PNRA-CRSF-EMCP-El_Mayor_Cucapah_west_fault-CFM4,Peninsular Ranges Area,PNRA,Cross Faults,CRSF,El Mayor-Cucapah,EMCP,El Mayor-Cucapah west fault
PNRA-CRSF-OCOT-Ocotillo_fault-CFM5,Peninsular Ranges Area,PNRA,Cross Faults,CRSF,Ocotillo,OCOT,Ocotillo fault
PNRA-CRSF-OCOT-Ocotillo_set1-CFM4,Peninsular Ranges Area,PNRA,Cross Faults,CRSF,Ocotillo,OCOT,Ocotillo set1
PNRA-CRSF-OCOT-Ocotillo_set2-CFM4,Peninsular Ranges Area,PNRA,Cross Faults,CRSF,Ocotillo,OCOT,Ocotillo set2
PNRA-CRSF-OCOT-Ocotillo_set3-CFM4,Peninsular Ranges Area,PNRA,Cross Faults,CRSF,Ocotillo,OCOT,Ocotillo set3
PNRA-CRSF-OCOT-Ocotillo_set4-CFM4,Peninsular Ranges Area,PNRA,Cross Faults,CRSF,Ocotillo,OCOT,Ocotillo set4
PNRA-CRSF-OCOT-Ocotillo_set5-CFM4,Peninsular Ranges Area,PNRA,Cross Faults,CRSF,Ocotillo,OCOT,Ocotillo set5
PNRA-CRSF-PGWS-Painted_Gorge_Wash_fault-CFM4,Peninsular Ranges Area,PNRA,Cross Faults,CRSF,Painted Gorge Wash,PGWS,Painted Gorge Wash fault
PNRA-CRSF-USAV-Fontana_Seismicity_lineament-CFM1,Peninsular Ranges Area,PNRA,Cross Faults,CRSF,Upper Santa Ana Valley,USAV,Fontana Seismicity lineament
PNRA-CRSF-USAV-Red_Hill_fault-CFM5,Peninsular Ranges Area,PNRA,Cross Faults,CRSF,Upper Santa Ana Valley,USAV,Red Hill fault
PNRA-CRSF-YUHA-Shell_Beds_fault-CFM5,Peninsular Ranges Area,PNRA,Cross Faults,CRSF,Yuha Desert,YUHA,Shell Beds fault
PNRA-CRSF-YUHA-Yuha_fault-CFM5,Peninsular Ranges Area,PNRA,Cross Faults,CRSF,Yuha Desert,YUHA,Yuha fault
PNRA-CRSF-YUHA-Yuha_Wash_fault-CFM5,Peninsular Ranges Area,PNRA,Cross Faults,CRSF,Yuha Desert,YUHA,Yuha Wash fault
PNRA-CRSF-YUHA-Yuha_Well_fault-CFM5,Peninsular Ranges Area,PNRA,Cross Faults,CRSF,Yuha Desert,YUHA,Yuha Well fault zone
PNRA-CRSF-YUHA-Yuha_Well_fault_north_set1-CFM5,Peninsular Ranges Area,PNRA,Cross Faults,CRSF,Yuha Desert,YUHA,Yuha Well fault-north set1
PNRA-CRSF-YUHA-Yuha_Well_fault_northwest-CFM5,Peninsular Ranges Area,PNRA,Cross Faults,CRSF,Yuha Desert,YUHA,Yuha Well fault-northwest
PNRA-CRSF-YUHA-Yuha_Well_fault_west-CFM5,Peninsular Ranges Area,PNRA,Cross Faults,CRSF,Yuha Desert,YUHA,Yuha Well fault-west
PNRA-CRSF-YUHA-Yuha_Well_Vista_del_Anza_fault-CFM5,Peninsular Ranges Area,PNRA,Cross Faults,CRSF,Yuha Desert,YUHA,Yuha Well-Vista del Anza fault
PNRA-CSTF-SJQH-San_Joaquin_Hills_fault-CFM3,Peninsular Ranges Area,PNRA,Coastal Faults,CSTF,San Joaquin Hills,SJQH,San Joaquin Hills fault
PNRA-DVVZ-DVSV-Davies_Valley_fault-CFM5,Peninsular Ranges Area,PNRA,Davies Valley fault zone,DVVZ,Davies Valley,DVSV,Davies Valley fault
PNRA-DVVZ-NDVS-Northern_Davies_Valley_set1-CFM4,Peninsular Ranges Area,PNRA,Davies Valley fault zone,DVVZ,Northern Davies Valley,NDVS,Northern Davies Valley fault
PNRA-DVVZ-WDVV-West_Davies_Valley_fault-CFM6,Peninsular Ranges Area,PNRA,Davies Valley fault zone,DVVZ,West Davies Valley,WDVV,West Davies Valley fault
PNRA-ELSZ-CHNO-Chino_fault_Central_Ave-CFM4,Peninsular Ranges Area,PNRA,Elsinore-Laguna Salada fault zone,ELSZ,Chino,CHNO,Chino Fault
PNRA-ELSZ-CHNO-Chino_fault_main-CFM4,Peninsular Ranges Area,PNRA,Elsinore-Laguna Salada fault zone,ELSZ,Chino,CHNO,Chino Fault
PNRA-ELSZ-CYMT-Elsinore_fault-CFM4,Peninsular Ranges Area,PNRA,Elsinore-Laguna Salada fault zone,ELSZ,Coyote Mountain,CYMT,Elsinore fault
PNRA-ELSZ-GLIV-Glen_Ivy_North_fault-CFM4,Peninsular Ranges Area,PNRA,Elsinore-Laguna Salada fault zone,ELSZ,Glen Ivy,GLIV,Glen Ivy North fault
PNRA-ELSZ-GLIV-Glen_Ivy_South_fault-CFM4,Peninsular Ranges Area,PNRA,Elsinore-Laguna Salada fault zone,ELSZ,Glen Ivy,GLIV,Glen Ivy South fault
PNRA-ELSZ-INDV-Indiviso_fault-CFM4,Peninsular Ranges Area,PNRA,Elsinore-Laguna Salada fault zone,ELSZ,Indiviso,INDV,Indiviso fault
PNRA-ELSZ-INDV-Indiviso_fault_splay-CFM4,Peninsular Ranges Area,PNRA,Elsinore-Laguna Salada fault zone,ELSZ,Indiviso,INDV,Indiviso fault
PNRA-ELSZ-JULN-Elsinore_fault_north-CFM4,Peninsular Ranges Area,PNRA,Elsinore-Laguna Salada fault zone,ELSZ,Julian,JULN,Elsinore fault-north
PNRA-ELSZ-JULN-Elsinore_fault_south-CFM4,Peninsular Ranges Area,PNRA,Elsinore-Laguna Salada fault zone,ELSZ,Julian,JULN,Elsinore fault-south
PNRA-ELSZ-JULN-Elsinore_fault_Wildomar_link-CFM4,Peninsular Ranges Area,PNRA,Elsinore-Laguna Salada fault zone,ELSZ,Julian,JULN,Elsinore-Wildomar link
PNRA-ELSZ-LGSD-Laguna_Salada_fault_east_branch_dipping-CFM5,Peninsular Ranges Area,PNRA,Elsinore-Laguna Salada fault zone,ELSZ,Laguna Salada,LGSD,Laguna Salada fault-east branch
PNRA-ELSZ-LGSD-Laguna_Salada_fault_east_branch_dipping_splay-CFM5,Peninsular Ranges Area,PNRA,Elsinore-Laguna Salada fault zone,ELSZ,Laguna Salada,LGSD,Laguna Salada fault-east branch
PNRA-ELSZ-LGSD-Laguna_Salada_fault_north-CFM5,Peninsular Ranges Area,PNRA,Elsinore-Laguna Salada fault zone,ELSZ,Laguna Salada,LGSD,Laguna Salada fault-north
PNRA-ELSZ-LGSD-Laguna_Salada_fault_south-CFM5,Peninsular Ranges Area,PNRA,Elsinore-Laguna Salada fault zone,ELSZ,Laguna Salada,LGSD,Laguna Salada fault-south
PNRA-ELSZ-LGSD-Laguna_Salada_fault_west_branch_center-CFM5,Peninsular Ranges Area,PNRA,Elsinore-Laguna Salada fault zone,ELSZ,Laguna Salada,LGSD,Laguna Salada fault-west branch
PNRA-ELSZ-LGSD-Laguna_Salada_fault_west_branch_deep_splay-CFM5,Peninsular Ranges Area,PNRA,Elsinore-Laguna Salada fault zone,ELSZ,Laguna Salada,LGSD,Laguna Salada fault-west branch
PNRA-ELSZ-LGSD-Laguna_Salada_fault_west_branch_east-CFM5,Peninsular Ranges Area,PNRA,Elsinore-Laguna Salada fault zone,ELSZ,Laguna Salada,LGSD,Laguna Salada fault-west branch
PNRA-ELSZ-LGSD-Laguna_Salada_fault_west_branch_west-CFM5,Peninsular Ranges Area,PNRA,Elsinore-Laguna Salada fault zone,ELSZ,Laguna Salada,LGSD,Laguna Salada fault-west branch
PNRA-ELSZ-SRCP-Borrego_fault-CFM4,Peninsular Ranges Area,PNRA,Elsinore-Laguna Salada fault zone,ELSZ,Sierra Cucapah,SRCP,Borrego fault
PNRA-ELSZ-SRCP-Paso_Inferior_fault-CFM4,Peninsular Ranges Area,PNRA,Elsinore-Laguna Salada fault zone,ELSZ,Sierra Cucapah,SRCP,Paso Inferior fault
PNRA-ELSZ-SRCP-Paso_Superior_fault-CFM4,Peninsular Ranges Area,PNRA,Elsinore-Laguna Salada fault zone,ELSZ,Sierra Cucapah,SRCP,Paso Superior detachment
PNRA-ELSZ-SRCP-Pescadores_fault-CFM4,Peninsular Ranges Area,PNRA,Elsinore-Laguna Salada fault zone,ELSZ,Sierra Cucapah,SRCP,Pescadores fault
PNRA-ELSZ-SRCP-Sierra_Cucapah_fault-CFM4,Peninsular Ranges Area,PNRA,Elsinore-Laguna Salada fault zone,ELSZ,Sierra Cucapah,SRCP,Sierra Cucapah fault
PNRA-ELSZ-TMCL-Wildomar_fault-CFM4,Peninsular Ranges Area,PNRA,Elsinore-Laguna Salada fault zone,ELSZ,Temecula,TMCL,Wildomar fault
PNRA-ELSZ-TMCL-Willard_fault-CFM4,Peninsular Ranges Area,PNRA,Elsinore-Laguna Salada fault zone,ELSZ,Temecula,TMCL,Willard fault
PNRA-ELSZ-WHIT-East_Montebello_fault-CFM3,Peninsular Ranges Area,PNRA,Elsinore-Laguna Salada fault zone,ELSZ,Whittier,WHIT,East Montebello fault
PNRA-ELSZ-WHIT-Whittier_fault-CFM6,Peninsular Ranges Area,PNRA,Elsinore-Laguna Salada fault zone,ELSZ,Whittier,WHIT,Whittier fault
PNRA-ELSZ-WHIT-Whittier_Heights_fault-CFM1,Peninsular Ranges Area,PNRA,Elsinore-Laguna Salada fault zone,ELSZ,Whittier,WHIT,Whittier Heights fault
PNRA-ELSZ-WHIT-Workman_Hill_fault-CFM1,Peninsular Ranges Area,PNRA,Elsinore-Laguna Salada fault zone,ELSZ,Whittier,WHIT,Workman Hill fault
PNRA-ELSZ-YUHA-Sierra_Cucapah_fault_blind_north-CFM5,Peninsular Ranges Area,PNRA,Elsinore-Laguna Salada fault zone,ELSZ,Yuha Desert,YUHA,Sierra Cucapah fault-blind
PNRA-ELSZ-YUHA-Sierra_Cucapah_fault_NW_splay-CFM5,Peninsular Ranges Area,PNRA,Elsinore-Laguna Salada fault zone,ELSZ,Yuha Desert,YUHA,Sierra Cucapah fault-NW_splay
PNRA-ELSZ-YUHA-Yuha_Desert_blind_fault-CFM6,Peninsular Ranges Area,PNRA,Elsinore-Laguna Salada fault zone,ELSZ,Yuha Desert,YUHA,Yuha Desert blind fault
PNRA-HSSF-AGCT-Agua_Caliente_fault_zone-CFM4,Peninsular Ranges Area,PNRA,Hot Springs-San Felipe fault zone,HSSF,Agua Caliente,AGCT,Agua Caliente fault zone
PNRA-HSSF-HOTS-Hot_Springs_fault-CFM4,Peninsular Ranges Area,PNRA,Hot Springs-San Felipe fault zone,HSSF,Hot Springs,HOTS,Hot Springs Fault
PNRA-HSSF-MRHS-Murrieta_Hotsprings_fault-CFM4,Peninsular Ranges Area,PNRA,Hot Springs-San Felipe fault zone,HSSF,Murietta-Hot Springs,MRHS,Murietta-Hot Springs fault
PNRA-NBJD-CDVD-Canada_David_detachment-CFM3,Peninsular Ranges Area,PNRA,Northern Baja detachments,NBJD,Canada David,CDVD,Canada David detachment
PNRA-NBJD-SRCP-Cerro_Centinela_fault-CFM2,Peninsular Ranges Area,PNRA,Northern Baja detachments,NBJD,Sierra Cucapah,SRCP,Cerro-Centinela fault
PNRA-NIRC-LABS-Newport_Inglewood_fault-CFM5,Peninsular Ranges Area,PNRA,Newport-Inglewood-Rose Canyon fault zone,NIRC,Multiple-Los Angeles basin,LABS,Newport-Inglewood fault
PNRA-SJFZ-ANZA-Buck_Ridge_fault-CFM4,Peninsular Ranges Area,PNRA,San Jacinto fault zone,SJFZ,Anza,ANZA,Buck Ridge fault
PNRA-SJFZ-ANZA-Clark_fault_north-CFM4,Peninsular Ranges Area,PNRA,San Jacinto fault zone,SJFZ,Anza,ANZA,Clark fault-north
PNRA-SJFZ-ANZA-Clark_fault_south_east-CFM4,Peninsular Ranges Area,PNRA,San Jacinto fault zone,SJFZ,Anza,ANZA,Clark fault-south-east
PNRA-SJFZ-ANZA-Clark_fault_south_main-CFM4,Peninsular Ranges Area,PNRA,San Jacinto fault zone,SJFZ,Anza,ANZA,Clark fault-south
PNRA-SJFZ-ANZA-Clark_fault_south_west-CFM4,Peninsular Ranges Area,PNRA,San Jacinto fault zone,SJFZ,Anza,ANZA,Clark fault-south-west
PNRA-SJFZ-ANZA-Clark_fault_south_west_link-CFM4,Peninsular Ranges Area,PNRA,San Jacinto fault zone,SJFZ,Anza,ANZA,Clark fault-south-west
PNRA-SJFZ-ANZA-Hot_Springs_Buck_Ridge_link-CFM4,Peninsular Ranges Area,PNRA,San Jacinto fault zone,SJFZ,Anza,ANZA,Buck Ridge-Hot Springs link
PNRA-SJFZ-BRMT-Coyote_Creek_blind_fault_north_east-CFM4,Peninsular Ranges Area,PNRA,San Jacinto fault zone,SJFZ,Borrego Mountain,BRMT,Coyote Creek fault-northeast
PNRA-SJFZ-BRMT-Coyote_Creek_fault-CFM4,Peninsular Ranges Area,PNRA,San Jacinto fault zone,SJFZ,Borrego Mountain,BRMT,Coyote Creek fault
PNRA-SJFZ-CYTC-Coyote_Creek_fault_center_east_splay-CFM4,Peninsular Ranges Area,PNRA,San Jacinto fault zone,SJFZ,Coyote Creek,CYTC,Coyote Creek fault-center
PNRA-SJFZ-CYTC-Coyote_Creek_fault-CFM4,Peninsular Ranges Area,PNRA,San Jacinto fault zone,SJFZ,Coyote Creek,CYTC,Coyote Creek fault
PNRA-SJFZ-IMPV-Dixieland_fault-CFM5,Peninsular Ranges Area,PNRA,San Jacinto fault zone,SJFZ,Imperial Valley,IMPV,Dixieland_fault
PNRA-SJFZ-IMPV-Weinert_El_Centro_fault-CFM5,Peninsular Ranges Area,PNRA,San Jacinto fault zone,SJFZ,Imperial Valley,IMPV,Weinert-El Centro fault
PNRA-SJFZ-IMPV-Weinert_Superstition_Hills_link-CFM5,Peninsular Ranges Area,PNRA,San Jacinto fault zone,SJFZ,Imperial Valley,IMPV,Weinert-Superstition Hills link
PNRA-SJFZ-SBRN-Glen_Helen_fault_NW-CFM6,Peninsular Ranges Area,PNRA,San Jacinto fault zone,SJFZ,San Bernardino,SBRN,Glen Helen fault-NW extension
PNRA-SJFZ-SBRN-Glen_Helen_fault_SE-CFM6,Peninsular Ranges Area,PNRA,San Jacinto fault zone,SJFZ,San Bernardino,SBRN,Glen Helen fault-SE extension
PNRA-SJFZ-SBRN-Loma_Linda_fault-CFM4,Peninsular Ranges Area,PNRA,San Jacinto fault zone,SJFZ,San Bernardino,SBRN,Loma Linda fault
PNRA-SJFZ-SBRN-Lytle_Creek_fault-CFM5,Peninsular Ranges Area,PNRA,San Jacinto fault zone,SJFZ,San Bernardino,SBRN,Lytle Creek fault
PNRA-SJFZ-SBRN-Rialto_Colton_fault-CFM4,Peninsular Ranges Area,PNRA,San Jacinto fault zone,SJFZ,San Bernardino,SBRN,Rialto-Colton fault
PNRA-SJFZ-SBRN-San_Jacinto_Claremont_fault-CFM4,Peninsular Ranges Area,PNRA,San Jacinto fault zone,SJFZ,San Bernardino,SBRN,San Jacinto-Claremont fault
PNRA-SJFZ-SJCV-Casa_Loma_fault-CFM4,Peninsular Ranges Area,PNRA,San Jacinto fault zone,SJFZ,San Jacinto Valley,SJCV,Casa Loma fault
PNRA-SJFZ-SJCV-Claremont_fault-CFM4,Peninsular Ranges Area,PNRA,San Jacinto fault zone,SJFZ,San Jacinto Valley,SJCV,Claremont fault
PNRA-SJFZ-SJCV-Hot_Springs_fault-CFM4,Peninsular Ranges Area,PNRA,San Jacinto fault zone,SJFZ,San Jacinto Valley,SJCV,Hot Springs fault
PNRA-SJFZ-SJCV-Hot_Springs_fault_west-CFM4,Peninsular Ranges Area,PNRA,San Jacinto fault zone,SJFZ,San Jacinto Valley,SJCV,Hot Springs fault-west
PNRA-SJFZ-SJCV-San_Jacinto_Claremont_fault_east-CFM4,Peninsular Ranges Area,PNRA,San Jacinto fault zone,SJFZ,San Jacinto Valley,SJCV,Claremont fault
PNRA-SJFZ-SSHS-Superstition_Hills_fault-CFM4,Peninsular Ranges Area,PNRA,San Jacinto fault zone,SJFZ,Superstition Hills,SSHS,Superstition Hills fault
PNRA-SJFZ-SSMT-Superstition_Mountain_fault-CFM4,Peninsular Ranges Area,PNRA,San Jacinto fault zone,SJFZ,Superstition Mountain,SSMT,Superstition Mountain fault
PNRA-SJFZ-SSMT-West_Mesa_fault-CFM5,Peninsular Ranges Area,PNRA,San Jacinto fault zone,SJFZ,Superstition Mountain,SSMT,West Mesa fault
SAFS-MHFZ-LSBM-Berdoo_Canyon_fault-CFM4,San Andreas Fault System,SAFS,Mecca Hills-Hidden Springs fault zone,MHFZ,Little San Bernardino Mts,LSBM,Berdoo Canyon fault
SAFS-MHFZ-LSBM-Indio_Hills_fault-CFM4,San Andreas Fault System,SAFS,Mecca Hills-Hidden Springs fault zone,MHFZ,Little San Bernardino Mts,LSBM,Indio Hills fault
SAFS-MHFZ-MCHS-Hidden_Springs_fault-CFM4,San Andreas Fault System,SAFS,Mecca Hills-Hidden Springs fault zone,MHFZ,Mecca Hills,MCHS,Hidden Springs fault
SAFS-MHFZ-MCHS-Mecca_Hills_fault-CFM4,San Andreas Fault System,SAFS,Mecca Hills-Hidden Springs fault zone,MHFZ,Mecca Hills,MCHS,Mecca Hills fault
SAFS-MHFZ-MCHS-Painted_Canyon_fault-CFM4,San Andreas Fault System,SAFS,Mecca Hills-Hidden Springs fault zone,MHFZ,Mecca Hills,MCHS,Painted Canyon fault
SAFS-MHFZ-MULT-Mecca_Hills_Hidden_Springs_fault-CFM4,San Andreas Fault System,SAFS,Mecca Hills-Hidden Springs fault zone,MHFZ,Multiple sections,MULT,Mecca Hills-Hidden Springs fault
SAFS-SAFZ-BSZS-Southern_San_Andreas_blind_extension-CFM4,San Andreas Fault System,SAFS,San Andreas fault zone,SAFZ,Brawley Seismic Zone,BSZS,Southern San Andreas fault
SAFS-SAFZ-CHLM-San_Andreas_fault-CFM6,San Andreas Fault System,SAFS,San Andreas fault zone,SAFZ,Cholame,CHLM,San Andreas fault
SAFS-SAFZ-COAV-Banning_North_Palm_Springs_fault_splay-CFM4,San Andreas Fault System,SAFS,San Andreas fault zone,SAFZ,Coachella,COAV,Banning-North Palm Springs fault splay
SAFS-SAFZ-COAV-East_Shoreline_fault-CFM5,San Andreas Fault System,SAFS,San Andreas fault zone,SAFZ,Coachella,COAV,East Shoreline Fault
SAFS-SAFZ-COAV-Mission_Creek_fault_strand-CFM4,San Andreas Fault System,SAFS,San Andreas fault zone,SAFZ,Coachella,COAV,Mission Creek fault strand
SAFS-SAFZ-COAV-North_Palm_Springs_fault-CFM4,San Andreas Fault System,SAFS,San Andreas fault zone,SAFZ,Coachella,COAV,North Palm Springs fault
SAFS-SAFZ-COAV-North_Palm_Springs_fault_lower_splay-CFM6,San Andreas Fault System,SAFS,San Andreas fault zone,SAFZ,Coachella,COAV,North Palm Springs fault-lower splay
SAFS-SAFZ-COAV-Southern_San_Andreas_fault-CFM4,San Andreas Fault System,SAFS,San Andreas fault zone,SAFZ,Coachella,COAV,Southern San Andreas fault
SAFS-SAFZ-CRRZ-San_Andreas_fault-CFM6,San Andreas Fault System,SAFS,San Andreas fault zone,SAFZ,Carrizo,CRRZ,San Andreas fault
SAFS-SAFZ-MJVS-San_Andreas_fault-CFM6,San Andreas Fault System,SAFS,San Andreas fault zone,SAFZ,Mojave,MJVS,San Andreas fault
SAFS-SAFZ-MULT-Banning_fault-CFM6,San Andreas Fault System,SAFS,San Andreas fault zone,SAFZ,San Bernardino-Coachella Valley,MULT,Banning fault strand
SAFS-SAFZ-PARK-San_Andreas_fault-CFM4,San Andreas Fault System,SAFS,San Andreas fault zone,SAFZ,Parkfield,PARK,San Andreas fault
SAFS-SAFZ-SBMT-Garnet_Hill_fault-CFM6,San Andreas Fault System,SAFS,San Andreas fault zone,SAFZ,San Bernardino Mountains,SBMT,Garnet Hill fault strand
SAFS-SAFZ-SBMT-Mill_Creek_fault_strand-CFM4,San Andreas Fault System,SAFS,San Andreas fault zone,SAFZ,San Bernardino Mountains,SBMT,Mill Creek fault strand
SAFS-SAFZ-SBMT-Mission_Creek_fault_strand-CFM4,San Andreas Fault System,SAFS,San Andreas fault zone,SAFZ,San Bernardino Mountains,SBMT,Mission Creek fault strand
SAFS-SAFZ-SBMT-San_Andreas_fault-CFM6,San Andreas Fault System,SAFS,San Andreas fault zone,SAFZ,San Bernardino Mountains,SBMT,San Andreas fault
SAFS-SGPR-CHFZ-Casa_Blanca_fault-CFM5,San Andreas Fault System,SAFS,San Gorgonio Pass fault region,SGPR,Crafton Hills fault zone,CHFZ,Casa Blanca fault
SAFS-SGPR-CHFZ-Chicken_Hill_fault-CFM5,San Andreas Fault System,SAFS,San Gorgonio Pass fault region,SGPR,Crafton Hills fault zone,CHFZ,Chicken Hill fault
SAFS-SGPR-CHFZ-Live_Oak_Canyon_fault-CFM5,San Andreas Fault System,SAFS,San Gorgonio Pass fault region,SGPR,Crafton Hills fault zone,CHFZ,Live Oak Canyon fault
SAFS-SGPR-CHFZ-Redlands_fault-CFM5,San Andreas Fault System,SAFS,San Gorgonio Pass fault region,SGPR,Crafton Hills fault zone,CHFZ,Redlands fault
SAFS-SGPR-CHFZ-Reservoir_Canyon_fault-CFM5,San Andreas Fault System,SAFS,San Gorgonio Pass fault region,SGPR,Crafton Hills fault zone,CHFZ,Reservoir Canyon fault
SAFS-SGPR-CHFZ-Western_Heights_fault-CFM5,San Andreas Fault System,SAFS,San Gorgonio Pass fault region,SGPR,Crafton Hills fault zone,CHFZ,Western Heights fault
SAFS-SGPR-SBRN-Del_Rosa_cross_fault-CFM5,San Andreas Fault System,SAFS,San Gorgonio Pass fault region,SGPR,San Bernardino,SBRN,Del Rosa cross fault
SAFS-SGPR-SBRN-San_Bernardino_cross_fault-CFM5,San Andreas Fault System,SAFS,San Gorgonio Pass fault region,SGPR,San Bernardino,SBRN,San Bernardino cross fault
SAFS-SGPR-SGPS-San_Gorgonio_Pass_fault-CFM6,San Andreas Fault System,SAFS,San Gorgonio Pass fault region,SGPR,San Gorgonio Pass,SGPS,San Gorgonio Pass thrust
SAFS-SGPR-SJMT-Beaumont_A_blind_fault-CFM5,San Andreas Fault System,SAFS,San Gorgonio Pass fault region,SGPR,San Jacinto Mountains,SJMT,Beaumont A fault
SAFS-SGPR-SJMT-Beaumont_B_blind_fault-CFM5,San Andreas Fault System,SAFS,San Gorgonio Pass fault region,SGPR,San Jacinto Mountains,SJMT,Beaumont B fault
SAFS-SGPR-SJMT-Beaumont_C_blind_fault-CFM5,San Andreas Fault System,SAFS,San Gorgonio Pass fault region,SGPR,San Jacinto Mountains,SJMT,Beaumont C fault
SAFS-SGPR-SJMT-Beaumont_D_blind_fault-CFM5,San Andreas Fault System,SAFS,San Gorgonio Pass fault region,SGPR,San Jacinto Mountains,SJMT,Beaumont D fault
SAFS-SGPR-SJMT-Palm_Springs_blind_fault-CFM4,San Andreas Fault System,SAFS,San Gorgonio Pass fault region,SGPR,San Jacinto Mountains,SJMT,Palm Springs fault
SAFS-SGPR-SJMT-San_Gorgonio_Pass_deep_detachment-CFM5,San Andreas Fault System,SAFS,San Gorgonio Pass fault region,SGPR,San Jacinto Mountains,SJMT,San Gorgonio Pass deep detachment
SAFS-SGPR-SJMT-San_Gorgonio_Pass_midcrust_detachment-CFM5,San Andreas Fault System,SAFS,San Gorgonio Pass fault region,SGPR,San Jacinto Mountains,SJMT,San Gorgonio Pass midcrust detachment
SALT-BRSZ-BRSZ-Brawley_fault-CFM5,Salton Trough Fault Area,SALT,Brawley Seismic Zone,BRSZ,Brawley Seismic Zone,BRSZ,Brawley fault
SALT-BRSZ-BRSZ-Brawley_Seismic_Zone_boundary-CFM1,Salton Trough Fault Area,SALT,Brawley Seismic Zone,BRSZ,Brawley Seismic Zone,BRSZ,Brawley Seismic zone
SALT-CPFZ-CRPB-Cerro_Prieto_fault-CFM1,Salton Trough Fault Area,SALT,Cerro Prieto fault zone,CPFZ,Cerro Prieto basin,CRPB,Cerro Prieto fault
SALT-CRSF-IMPV-Elmore_Ranch_fault-CFM1,Salton Trough Fault Area,SALT,Cross Faults,CRSF,Imperial Valley,IMPV,Elmore Ranch fault
SALT-CRSF-IMPV-Westmorland_fault_main-CFM4,Salton Trough Fault Area,SALT,Cross Faults,CRSF,Imperial Valley,IMPV,Westmorland fault
SALT-CRSF-IMPV-Westmorland_fault_splay-CFM4,Salton Trough Fault Area,SALT,Cross Faults,CRSF,Imperial Valley,IMPV,Westmorland fault splay
SALT-CRSF-SLTS-Extra_fault-CFM3,Salton Trough Fault Area,SALT,Cross Faults,CRSF,Salton Sea,SLTS,Extra fault
SALT-IMFZ-IMPV-Imperial_fault_east_strand_north-CFM5,Salton Trough Fault Area,SALT,Imperial fault zone,IMFZ,Imperial Valley,IMPV,Imperial fault-east branch
SALT-IMFZ-IMPV-Imperial_fault_east_strand_south-CFM5,Salton Trough Fault Area,SALT,Imperial fault zone,IMFZ,Imperial Valley,IMPV,Imperial fault-east branch
SALT-IMFZ-IMPV-Imperial_fault_Edip_Nend-CFM5,Salton Trough Fault Area,SALT,Imperial fault zone,IMFZ,Imperial Valley,IMPV,Imperial fault
SALT-IMFZ-IMPV-Imperial_fault_north_end-CFM5,Salton Trough Fault Area,SALT,Imperial fault zone,IMFZ,Imperial Valley,IMPV,Imperial fault
SNFA-AHTC-ASHH-Ash_Hill_fault-CFM2,Sierra Nevada Fault Area,SNFA,Ash Hill-Tank Canyon fault system,AHTC,Ash Hill,ASHH,Ash Hill fault
SNFA-AHTC-TANK-Tank_Canyon_fault-CFM2,Sierra Nevada Fault Area,SNFA,Ash Hill-Tank Canyon fault system,AHTC,Tank Canyon,TANK,Tank Canyon fault
SNFA-ALFZ-COSO-Airport_Lake_fault-CFM5,Sierra Nevada Fault Area,SNFA,Airport Lake fault zone,ALFZ,Coso,COSO,Airport Lake fault
SNFA-CJFZ-COSJ-Coso_Junction_fault-CFM5,Sierra Nevada Fault Area,SNFA,Coso Junction fault zone,CJFZ,Coso Junction,COSJ,Coso Junction fault
SNFA-CJFZ-CRSS-Coso_Junction_cross_fault_array-CFM5,Sierra Nevada Fault Area,SNFA,Coso Junction fault zone,CJFZ,Cross,CRSS,Coso Junction cross fault array
SNFA-CJFZ-CRSS-Rose_Valley_cross_fault-CFM5,Sierra Nevada Fault Area,SNFA,Coso Junction fault zone,CJFZ,Cross,CRSS,Rose Valley cross fault
SNFA-CJFZ-HWRS-Haiwee_fault-CFM5,Sierra Nevada Fault Area,SNFA,Coso Junction fault zone,CJFZ,Haiwee Reservoir,HWRS,Haiwee fault
SNFA-CJFZ-HWRS-Haiwee_fault_connector-CFM5,Sierra Nevada Fault Area,SNFA,Coso Junction fault zone,CJFZ,Haiwee Reservoir,HWRS,Haiwee fault connector
SNFA-CJFZ-ROSE-Rose_Valley_fault-CFM5,Sierra Nevada Fault Area,SNFA,Coso Junction fault zone,CJFZ,Rose Valley,ROSE,Rose Valley fault
SNFA-HMFZ-MULT-Hunter_Mountain_fault-CFM1,Sierra Nevada Fault Area,SNFA,Hunter Mountain fault zone,HMFZ,Hunter Mtn-Saline Valley,MULT,Hunter Mountain fault
SNFA-LLFZ-CNTR-Little_Lake_fault-CFM5,Sierra Nevada Fault Area,SNFA,Little Lake fault zone,LLFZ,Central,CNTR,Little Lake fault
SNFA-LLFZ-CRSS-Central_Little_Lake_south_cross_fault-CFM5,Sierra Nevada Fault Area,SNFA,Little Lake fault zone,LLFZ,Cross,CRSS,Eastern Little Lake south cross fault
SNFA-LLFZ-CRSS-Eastern_Little_Lake_center_cross_fault-CFM5,Sierra Nevada Fault Area,SNFA,Little Lake fault zone,LLFZ,Cross,CRSS,Eastern Little Lake center cross fault
SNFA-LLFZ-CRSS-Eastern_Little_Lake_north_north_east_cross_fault-CFM5,Sierra Nevada Fault Area,SNFA,Little Lake fault zone,LLFZ,Cross,CRSS,Eastern Little Lake north north east cross fault
SNFA-LLFZ-CRSS-Eastern_Little_Lake_north_north_west_cross_fault-CFM5,Sierra Nevada Fault Area,SNFA,Little Lake fault zone,LLFZ,Cross,CRSS,Eastern Little Lake north north west cross fault
SNFA-LLFZ-CRSS-Eastern_Little_Lake_north_south_cross_fault-CFM5,Sierra Nevada Fault Area,SNFA,Little Lake fault zone,LLFZ,Cross,CRSS,Eastern Little Lake north south cross fault
SNFA-LLFZ-CRSS-Eastern_Little_Lake_south_dip_cross_fault-CFM5,Sierra Nevada Fault Area,SNFA,Little Lake fault zone,LLFZ,Cross,CRSS,Eastern Little Lake south dip cross fault
SNFA-LLFZ-CRSS-Eastern_Little_Lake_south_north_cross_fault-CFM5,Sierra Nevada Fault Area,SNFA,Little Lake fault zone,LLFZ,Cross,CRSS,Eastern Little Lake south north cross fault
SNFA-LLFZ-EAST-China_Lake_fault-CFM5,Sierra Nevada Fault Area,SNFA,Little Lake fault zone,LLFZ,Eastern,EAST,China Lake fault
SNFA-LLFZ-EAST-Eastern_Little_Lake_center_east_branch-CFM5,Sierra Nevada Fault Area,SNFA,Little Lake fault zone,LLFZ,Eastern,EAST,Eastern Little Lake center east branch
SNFA-LLFZ-EAST-Eastern_Little_Lake_main_fault-CFM5,Sierra Nevada Fault Area,SNFA,Little Lake fault zone,LLFZ,Eastern,EAST,Eastern Little Lake main fault
SNFA-LLFZ-EAST-Eastern_Little_Lake_NC_splay-CFM5,Sierra Nevada Fault Area,SNFA,Little Lake fault zone,LLFZ,Eastern,EAST,Eastern Little Lake NC splay
SNFA-LLFZ-EAST-Eastern_Little_Lake_NE_outer_splay-CFM5,Sierra Nevada Fault Area,SNFA,Little Lake fault zone,LLFZ,Eastern,EAST,Eastern Little Lake NE outer splay
SNFA-LLFZ-EAST-Eastern_Little_Lake_NE_splay-CFM5,Sierra Nevada Fault Area,SNFA,Little Lake fault zone,LLFZ,Eastern,EAST,Eastern Little Lake NE splay
SNFA-LLFZ-EAST-Eastern_Little_Lake_NW_splay-CFM5,Sierra Nevada Fault Area,SNFA,Little Lake fault zone,LLFZ,Eastern,EAST,Eastern Little Lake NW splay
SNFA-LLFZ-EAST-Eastern_Little_Lake_south_west_branch-CFM5,Sierra Nevada Fault Area,SNFA,Little Lake fault zone,LLFZ,Eastern,EAST,Eastern Little Lake south west branch
SNFA-LLFZ-SOUT-Southern_Little_Lake_main_fault-CFM5,Sierra Nevada Fault Area,SNFA,Little Lake fault zone,LLFZ,Southern,SOUT,Southern Little Lake main fault
SNFA-LLFZ-SOUT-Southern_Little_Lake_north_fault-CFM5,Sierra Nevada Fault Area,SNFA,Little Lake fault zone,LLFZ,Southern,SOUT,Southern Little Lake north fault
SNFA-OVFZ-MULT-Owens_Valley_fault-CFM6,Sierra Nevada Fault Area,SNFA,Owens Valley fault zone,OVFZ,Multiple sections,MULT,Owens Valley fault
SNFA-OVFZ-STHN-Owens_Lake_deep_fault-CFM5,Sierra Nevada Fault Area,SNFA,Owens Valley fault zone,OVFZ,Southern,STHN,"blind Owens Lake fault, Lone Pine 2020 M5.8"
SNFA-OVFZ-STHN-Owens_Valley_fault_southern_extension-CFM5,Sierra Nevada Fault Area,SNFA,Owens Valley fault zone,OVFZ,Southern,STHN,"Owens Valley fault, southern extension"
SNFA-PMVZ-MULT-Panamint_Valley_fault-CFM2,Sierra Nevada Fault Area,SNFA,Panamint Valley fault zone,PMVZ,Northern Panamint-Brown Mtn,MULT,Panamint Valley fault
SNFA-SSNZ-INDP-Independence_fault-CFM1,Sierra Nevada Fault Area,SNFA,Southern Sierra Nevada fault zone,SSNZ,Independence,INDP,Independence fault
SNFA-SSNZ-MULT-Independence_Sierra_Nevada_fault-CFM1,Sierra Nevada Fault Area,SNFA,Southern Sierra Nevada fault zone,SSNZ,Independence-Haiwee Reservoir,MULT,Independence-Sierra Nevada fault
WTRA-MRFS-MULT-Mission_Ridge_Arroyo_Parida_fault-CFM5,Western Transverse Ranges Area,WTRA,Mission Ridge fault system,MRFS,Multiple sections,MULT,Mission Ridge-Arroyo Parida fault
WTRA-NCVS-NCHN-North_Channel_fault_east-CFM5,Western Transverse Ranges Area,WTRA,North Channel-Ventura fault system,NCVS,North Channel,NCHN,North Channel fault-east
WTRA-NCVS-NCHN-North_Channel_fault_west-CFM5,Western Transverse Ranges Area,WTRA,North Channel-Ventura fault system,NCVS,North Channel,NCHN,North Channel fault-west
WTRA-NCVS-NCHN-North_Channel_fault_west_end-CFM5,Western Transverse Ranges Area,WTRA,North Channel-Ventura fault system,NCVS,North Channel,NCHN,North Channel fault-west-end-top
WTRA-NCVS-PPTV-Pitas_Point_fault_east-CFM6,Western Transverse Ranges Area,WTRA,North Channel-Ventura fault system,NCVS,Pitas Point-Ventura,PPTV,Pitas Point fault-east
WTRA-NCVS-PPTV-Pitas_Point_fault_east_splay-CFM6,Western Transverse Ranges Area,WTRA,North Channel-Ventura fault system,NCVS,Pitas Point-Ventura,PPTV,Pitas Point fault-east-splay
WTRA-NCVS-PPTV-Pitas_Point_fault_west-CFM5,Western Transverse Ranges Area,WTRA,North Channel-Ventura fault system,NCVS,Pitas Point-Ventura,PPTV,Pitas Point fault-west
WTRA-NCVS-PPTV-Pitas_Point_fault_west_S-CFM5,Western Transverse Ranges Area,WTRA,North Channel-Ventura fault system,NCVS,Pitas Point-Ventura,PPTV,Pitas Point fault-west-S
WTRA-NCVS-PPTV-Pitas_Point_Ventura_fault_link-CFM6,Western Transverse Ranges Area,WTRA,North Channel-Ventura fault system,NCVS,Pitas Point-Ventura,PPTV,Pitas Point-Ventura fault link
WTRA-NCVS-RDMT-Red_Mountain_fault_N_strand-CFM5,Western Transverse Ranges Area,WTRA,North Channel-Ventura fault system,NCVS,Red Mountain,RDMT,Red Mountain fault-north strand
WTRA-NCVS-RDMT-Red_Mountain_fault_S_strand-CFM5,Western Transverse Ranges Area,WTRA,North Channel-Ventura fault system,NCVS,Red Mountain,RDMT,Red Mountain fault-south strand
WTRA-NCVS-RDMT-Red_Mountain_fault_SW_strand-CFM5,Western Transverse Ranges Area,WTRA,North Channel-Ventura fault system,NCVS,Red Mountain,RDMT,Red Mountain fault-SW-strand
WTRA-NCVS-VNTB-Southern_San_Cayetano_fault-CFM6,Western Transverse Ranges Area,WTRA,North Channel-Ventura fault system,NCVS,Ventura basin,VNTB,Southern San Cayetano fault
WTRA-NCVS-VNTB-Upper_Southern_San_Cayetano_fault-CFM6,Western Transverse Ranges Area,WTRA,North Channel-Ventura fault system,NCVS,Ventura basin,VNTB,Upper Southern San Cayetano fault
WTRA-NCVS-VNTB-Ventura_fault-CFM6,Western Transverse Ranges Area,WTRA,North Channel-Ventura fault system,NCVS,Ventura basin,VNTB,Ventura fault
WTRA-ORFZ-MULT-Oak_Ridge_fault-CFM5,Western Transverse Ranges Area,WTRA,Oak Ridge fault zone,ORFZ,Multiple sections,MULT,Oak Ridge fault
WTRA-ORFZ-OFFS-Mid_Channel_fault-CFM6,Western Transverse Ranges Area,WTRA,Oak Ridge fault zone,ORFZ,Offshore-Mid-Channel trend,OFFS,Mid-Channel fault
WTRA-ORFZ-SFNV-Northridge_Frew_fault-CFM2,Western Transverse Ranges Area,WTRA,Oak Ridge fault zone,ORFZ,San Fernando Valley,SFNV,Northridge-Frew fault
WTRA-PHTS-COYT-Puente_Hills_Thrust_fault-CFM2,Western Transverse Ranges Area,WTRA,Puente Hills Thrust system,PHTS,Coyote Hills,COYT,Puente Hills thrust
WTRA-PHTS-LABS-Las_Cienagas_fault-CFM1,Western Transverse Ranges Area,WTRA,Puente Hills Thrust system,PHTS,Los Angeles Basin,LABS,Las Cienagas fault
WTRA-PHTS-LABS-Puente_Hills_Thrust_fault-CFM1,Western Transverse Ranges Area,WTRA,Puente Hills Thrust system,PHTS,Los Angeles Basin,LABS,Puente Hills thrust
WTRA-PHTS-LABS-San_Vicente_fault-CFM1,Western Transverse Ranges Area,WTRA,Puente Hills Thrust system,PHTS,Los Angeles Basin,LABS,San Vicente fault
WTRA-PHTS-LABS-Upper_Elysian_Park_fault-CFM1,Western Transverse Ranges Area,WTRA,Puente Hills Thrust system,PHTS,Los Angeles Basin,LABS,Upper Elysian Park fault
WTRA-PHTS-PRTH-Peralta_Hills_fault-CFM1,Western Transverse Ranges Area,WTRA,Puente Hills Thrust system,PHTS,Peralta Hills,PRTH,Peralta Hills fault
WTRA-PHTS-RICH-Puente_Hills_Thrust_fault-CFM2,Western Transverse Ranges Area,WTRA,Puente Hills Thrust system,PHTS,Richfield,RICH,Puente Hills thrust
WTRA-PHTS-STFS-Puente_Hills_Thrust_fault-CFM2,Western Transverse Ranges Area,WTRA,Puente Hills Thrust system,PHTS,Sante Fe Springs,STFS,Puente Hills thrust
WTRA-SBCF-MULT-Western_Deep_fault-CFM5,Western Transverse Ranges Area,WTRA,Santa Barbara Channel faults,SBCF,Multiple sections,MULT,Western Deep fault
WTRA-SBCF-WEST-Hondo_detachment-CFM5,Western Transverse Ranges Area,WTRA,Santa Barbara Channel faults,SBCF,Western,WEST,Hondo detachment
WTRA-SBTS-ANCP-Anacapa_Dume_fault-CFM3,Western Transverse Ranges Area,WTRA,Southern Boundary thrust system,SBTS,Anacapa-Dume,ANCP,Anacapa-Dume fault
WTRA-SBTS-MULT-Channel_Islands_Thrust_fault-CFM1,Western Transverse Ranges Area,WTRA,Southern Boundary thrust system,SBTS,Santa Cruz Is-Anacapa,MULT,Channel Islands thrust
WTRA-SCFZ-SCLV-Del_Valle_fault-CFM2,Western Transverse Ranges Area,WTRA,San Cayetano fault zone,SCFZ,Santa Clarita Valley,SCLV,Del Valle fault
WTRA-SCFZ-SCLV-Holser_fault-CFM2,Western Transverse Ranges Area,WTRA,San Cayetano fault zone,SCFZ,Santa Clarita Valley,SCLV,Holser fault
WTRA-SCFZ-TOPA-San_Cayetano_fault-CFM5,Western Transverse Ranges Area,WTRA,San Cayetano fault zone,SCFZ,TopaTopa Mountains,TOPA,San Cayetano fault
WTRA-SFFS-ANCP-Malibu_Coast_fault_west-CFM5,Western Transverse Ranges Area,WTRA,Southern Frontal fault system,SFFS,Anacapa Passage,ANCP,Malibu Coast fault-west
WTRA-SFFS-LABS-Hollywood_fault-CFM5,Western Transverse Ranges Area,WTRA,Southern Frontal fault system,SFFS,Los Angeles Basin,LABS,Hollywood fault
WTRA-SFFS-LABS-North_Salt_Lake_blind_fault-CFM3,Western Transverse Ranges Area,WTRA,Southern Frontal fault system,SFFS,Los Angeles Basin,LABS,North Salt Lake fault
WTRA-SFFS-SGVS-Raymond_fault-CFM5,Western Transverse Ranges Area,WTRA,Southern Frontal fault system,SFFS,San Gabriel Valley,SGVS,Raymond fault
WTRA-SFFS-SMMT-Malibu_Coast_fault_east-CFM6,Western Transverse Ranges Area,WTRA,Southern Frontal fault system,SFFS,Santa Monica Mountains,SMMT,Malibu Coast fault-east
WTRA-SFFS-SMMT-Santa_Monica_thrust_fault-CFM6,Western Transverse Ranges Area,WTRA,Southern Frontal fault system,SFFS,Santa Monica Mountains,SMMT,Santa Monica thrust
WTRA-SFFS-SNCZ-Santa_Cruz_Island_fault-CFM5,Western Transverse Ranges Area,WTRA,Southern Frontal fault system,SFFS,Santa Cruz Island,SNCZ,Santa Cruz Island fault
WTRA-SFFS-SRSM-Santa_Rosa_Island_fault-CFM5,Western Transverse Ranges Area,WTRA,Southern Frontal fault system,SFFS,Santa Rosa-San Miguel Islands,SRSM,Santa Rosa Island fault
WTRA-SFFS-SRSM-Western_Santa_Cruz_Island_fault-CFM5,Western Transverse Ranges Area,WTRA,Southern Frontal fault system,SFFS,Santa Rosa-San Miguel Islands,SRSM,Western Santa Cruz Island fault
WTRA-SFNS-MSNH-Mission_Hills_fault-CFM4,Western Transverse Ranges Area,WTRA,San Fernando fault system,SFNS,Mission Hills,MSNH,Mission Hills fault
WTRA-SFNS-SFNV-Northridge_Hills_fault-CFM3,Western Transverse Ranges Area,WTRA,San Fernando fault system,SFNS,San Fernando Valley,SFNV,Northridge Hills fault
WTRA-SFNS-SFNV-San_Fernando_fault-CFM4,Western Transverse Ranges Area,WTRA,San Fernando fault system,SFNS,San Fernando Valley,SFNV,San Fernando fault
WTRA-SFNS-VRDM-Eagle_Rock_fault-CFM5,Western Transverse Ranges Area,WTRA,San Fernando fault system,SFNS,Verdugo Mountains,VRDM,Eagle Rock fault
WTRA-SFNS-VRDM-Verdugo_fault-CFM5,Western Transverse Ranges Area,WTRA,San Fernando fault system,SFNS,Verdugo Mountains,VRDM,Verdugo fault
WTRA-SGFZ-BTJG-San_Gabriel_fault_splay-CFM4,Western Transverse Ranges Area,WTRA,San Gabriel fault zone,SGFZ,Big Tujunga,BTJG,San Gabriel fault splay
WTRA-SGFZ-MULT-Southern_San_Gabriel_fault-CFM4,Western Transverse Ranges Area,WTRA,San Gabriel fault zone,SGFZ,Multiple sections,MULT,Southern San Gabriel fault
WTRA-SGFZ-PLMS-Northern_San_Gabriel_fault-CFM4,Western Transverse Ranges Area,WTRA,San Gabriel fault zone,SGFZ,Palomas,PLMS,Northern San Gabriel fault
WTRA-SGFZ-USGR-Weber_fault-CFM5,Western Transverse Ranges Area,WTRA,San Gabriel fault zone,SGFZ,Upper San Gabriel River,USGR,Weber fault
WTRA-SGFZ-USGR-Weber_fault_NE_extension-CFM5,Western Transverse Ranges Area,WTRA,San Gabriel fault zone,SGFZ,Upper San Gabriel River,USGR,Weber fault-NE extension
WTRA-SGMF-ICHC-Icehouse_Canyon_fault-CFM5,Western Transverse Ranges Area,WTRA,San Gabriel Mountain faults,SGMF,Icehouse Canyon,ICHC,Icehouse Canyon fault
WTRA-SGMF-SANC-San_Antonio_Canyon_fault-CFM5,Western Transverse Ranges Area,WTRA,San Gabriel Mountain faults,SGMF,San Antonio Canyon,SANC,San Antonio Canyon fault
WTRA-SGMF-SANC-San_Antonio_Canyon_fault_splay-CFM5,Western Transverse Ranges Area,WTRA,San Gabriel Mountain faults,SGMF,San Antonio Canyon,SANC,San Antonio Canyon fault splay
WTRA-SGMF-STDC-South_Fork_Stoddard_Canyon_fault-CFM5,Western Transverse Ranges Area,WTRA,San Gabriel Mountain faults,SGMF,Stoddard Canyon,STDC,South Fork-Stoddard Canyon fault
WTRA-SGMF-STDC-Stoddard_Canyon_fault-CFM5,Western Transverse Ranges Area,WTRA,San Gabriel Mountain faults,SGMF,Stoddard Canyon,STDC,Stoddard Canyon fault
WTRA-SMFZ-CCMG-Cucamonga_fault-CFM5,Western Transverse Ranges Area,WTRA,Sierra Madre fault zone,SMFZ,Cucamonga,CCMG,Cucamonga fault
WTRA-SMFZ-CSPC-Clamshell_Sawpit_Canyon_fault-CFM4,Western Transverse Ranges Area,WTRA,Sierra Madre fault zone,SMFZ,Clamshell-Sawpit,CSPC,Clamshell-Sawpit Canyon fault
WTRA-SMFZ-MULT-Sierra_Madre_fault_west-CFM4,Western Transverse Ranges Area,WTRA,Sierra Madre fault zone,SMFZ,Multiple sections,MULT,Sierra Madre fault-west
WTRA-SMFZ-SMCC-Sierra_Madre_fault-CFM4,Western Transverse Ranges Area,WTRA,Sierra Madre fault zone,SMFZ,Sierra Madre-Clamshell Canyon,SMCC,Sierra Madre fault
WTRA-SMFZ-SMDD-Sierra_Madre_fault-CFM4,Western Transverse Ranges Area,WTRA,Sierra Madre fault zone,SMFZ,Sierra Madre D section,SMDD,Sierra Madre fault
WTRA-SMFZ-SMDE-Sierra_Madre_Cucamonga_connector-CFM5,Western Transverse Ranges Area,WTRA,Sierra Madre fault zone,SMFZ,Sierra Madre E section,SMDE,Sierra Madre-Cucamonga connector
WTRA-SMFZ-SMDE-Sierra_Madre_fault-CFM4,Western Transverse Ranges Area,WTRA,Sierra Madre fault zone,SMFZ,Sierra Madre E section,SMDE,Sierra Madre fault
WTRA-SPJS-MULT-Padre_Juan_fault-CFM5,Western Transverse Ranges Area,WTRA,Sisar-Padre Juan fault system,SPJS,Multiple sections,MULT,Padre Juan fault
WTRA-SPJS-SMGA-Javon_Canyon_fault-CFM5,Western Transverse Ranges Area,WTRA,Sisar-Padre Juan fault system,SPJS,San Miguelito anticline,SMGA,Javon Canyon fault
WTRA-SPJS-SPMT-Lion_Canyon_fault-CFM6,Western Transverse Ranges Area,WTRA,Sisar-Padre Juan fault system,SPJS,Sulphur Mountain,SPMT,Lion Canyon fault
WTRA-SPJS-SPMT-Sisar_detachment-CFM6,Western Transverse Ranges Area,WTRA,Sisar-Padre Juan fault system,SPJS,Sulphur Mountain,SPMT,Sisar detachment
WTRA-SSFZ-MULT-Santa_Susana_fault-CFM5,Western Transverse Ranges Area,WTRA,Santa Susana fault zone,SSFZ,Multiple sections,MULT,Santa Susana fault
WTRA-SSRZ-MULT-Simi_Santa_Rosa_fault-CFM5,Western Transverse Ranges Area,WTRA,Simi-Santa Rosa fault zone,SSRZ,Multiple sections,MULT,Simi-Santa Rosa fault
WTRA-SSRZ-OXNP-Bailey_fault-CFM5,Western Transverse Ranges Area,WTRA,Simi-Santa Rosa fault zone,SSRZ,Oxnard Plain,OXNP,Bailey fault
WTRA-SYFZ-MULT-Santa_Ynez_fault-CFM5,Western Transverse Ranges Area,WTRA,Santa Ynez fault zone,SYFZ,Multiple sections,MULT,Santa Ynez fault
WTRA-SYRZ-MULT-Santa_Ynez_River_fault-CFM5,Western Transverse Ranges Area,WTRA,Santa Ynez River fault zone,SYRZ,Multiple sections,MULT,Santa Ynez River fault
WTRA-USAV-USAV-Indian_Hill_fault-CFM5,Western Transverse Ranges Area,WTRA,Upper Santa Ana Valley fault system,USAV,Upper Santa Ana Valley,USAV,Indian Hill fault
WTRA-USAV-USAV-San_Jose_fault-CFM5,Western Transverse Ranges Area,WTRA,Upper Santa Ana Valley fault system,USAV,Upper Santa Ana Valley,USAV,San Jose fault
WTRA-USAV-USAV-Upland_fault-CFM1,Western Transverse Ranges Area,WTRA,Upper Santa Ana Valley fault system,USAV,Upper Santa Ana Valley,USAV,Upland fault
WTRA-USAV-USAV-Walnut_Creek_fault-CFM5,Western Transverse Ranges Area,WTRA,Upper Santa Ana Valley fault system,USAV,Upper Santa Ana Valley,USAV,Walnut Creek fault
